-- MySQL dump 10.13  Distrib 8.0.19, for Win64 (x86_64)
--
-- Host: localhost    Database: invoicing
-- ------------------------------------------------------
-- Server version	8.0.19

/*!40101 SET @OLD_CHARACTER_SET_CLIENT=@@CHARACTER_SET_CLIENT */;
/*!40101 SET @OLD_CHARACTER_SET_RESULTS=@@CHARACTER_SET_RESULTS */;
/*!40101 SET @OLD_COLLATION_CONNECTION=@@COLLATION_CONNECTION */;
/*!50503 SET NAMES utf8 */;
/*!40103 SET @OLD_TIME_ZONE=@@TIME_ZONE */;
/*!40103 SET TIME_ZONE='+00:00' */;
/*!40014 SET @OLD_UNIQUE_CHECKS=@@UNIQUE_CHECKS, UNIQUE_CHECKS=0 */;
/*!40014 SET @OLD_FOREIGN_KEY_CHECKS=@@FOREIGN_KEY_CHECKS, FOREIGN_KEY_CHECKS=0 */;
/*!40101 SET @OLD_SQL_MODE=@@SQL_MODE, SQL_MODE='NO_AUTO_VALUE_ON_ZERO' */;
/*!40111 SET @OLD_SQL_NOTES=@@SQL_NOTES, SQL_NOTES=0 */;

--
-- Table structure for table `clients`
--

DROP TABLE IF EXISTS `clients`;
/*!40101 SET @saved_cs_client     = @@character_set_client */;
/*!50503 SET character_set_client = utf8mb4 */;
CREATE TABLE `clients` (
  `client_id` int NOT NULL,
  `name` varchar(50) NOT NULL,
  `address` varchar(50) NOT NULL,
  `city` varchar(50) NOT NULL,
  `state` char(2) NOT NULL,
  `phone` varchar(50) DEFAULT NULL,
  PRIMARY KEY (`client_id`)
) ENGINE=InnoDB DEFAULT CHARSET=utf8mb4 COLLATE=utf8mb4_0900_ai_ci;
/*!40101 SET character_set_client = @saved_cs_client */;

--
-- Dumping data for table `clients`
--

LOCK TABLES `clients` WRITE;
/*!40000 ALTER TABLE `clients` DISABLE KEYS */;
INSERT INTO `clients` VALUES (1,'Vinte','3 Nevada Parkway','Syracuse','NY','315-252-7305'),(2,'Myworks','34267 Glendale Parkway','Huntington','WV','304-659-1170'),(3,'Yadel','096 Pawling Parkway','San Francisco','CA','415-144-6037'),(4,'Kwideo','81674 Westerfield Circle','Waco','TX','254-750-0784'),(5,'Topiclounge','0863 Farmco Road','Portland','OR','971-888-9129');
/*!40000 ALTER TABLE `clients` ENABLE KEYS */;
UNLOCK TABLES;

--
-- Table structure for table `invoices`
--

DROP TABLE IF EXISTS `invoices`;
/*!40101 SET @saved_cs_client     = @@character_set_client */;
/*!50503 SET character_set_client = utf8mb4 */;
CREATE TABLE `invoices` (
  `invoice_id` int NOT NULL,
  `number` varchar(50) NOT NULL,
  `client_id` int NOT NULL,
  `invoice_total` decimal(9,2) NOT NULL,
  `payment_total` decimal(9,2) NOT NULL DEFAULT '0.00',
  `invoice_date` date NOT NULL,
  `due_date` date NOT NULL,
  `payment_date` date DEFAULT NULL,
  PRIMARY KEY (`invoice_id`),
  KEY `FK_client_id` (`client_id`),
  CONSTRAINT `FK_client_id` FOREIGN KEY (`client_id`) REFERENCES `clients` (`client_id`) ON DELETE RESTRICT ON UPDATE CASCADE
) ENGINE=InnoDB DEFAULT CHARSET=utf8mb4 COLLATE=utf8mb4_0900_ai_ci;
/*!40101 SET character_set_client = @saved_cs_client */;

--
-- Dumping data for table `invoices`
--

LOCK TABLES `invoices` WRITE;
/*!40000 ALTER TABLE `invoices` DISABLE KEYS */;
INSERT INTO `invoices` VALUES (1,'91-953-3396',2,101.79,0.00,'2019-03-09','2019-03-29',NULL),(2,'03-898-6735',5,175.32,8.18,'2019-06-11','2019-07-01','2019-02-12'),(3,'20-228-0335',5,147.99,0.00,'2019-07-31','2019-08-20',NULL),(4,'56-934-0748',3,152.21,0.00,'2019-03-08','2019-03-28',NULL),(5,'87-052-3121',5,169.36,0.00,'2019-07-18','2019-08-07',NULL),(6,'75-587-6626',1,157.78,74.55,'2019-01-29','2019-02-18','2019-01-03'),(7,'68-093-9863',3,133.87,0.00,'2019-09-04','2019-09-24',NULL),(8,'78-145-1093',1,189.12,0.00,'2019-05-20','2019-06-09',NULL),(9,'77-593-0081',5,172.17,0.00,'2019-07-09','2019-07-29',NULL),(10,'48-266-1517',1,159.50,0.00,'2019-06-30','2019-07-20',NULL),(11,'20-848-0181',3,126.15,0.03,'2019-01-07','2019-01-27','2019-01-11'),(13,'41-666-1035',5,135.01,87.44,'2019-06-25','2019-07-15','2019-01-26'),(15,'55-105-9605',3,167.29,80.31,'2019-11-25','2019-12-15','2019-01-15'),(16,'10-451-8824',1,162.02,0.00,'2019-03-30','2019-04-19',NULL),(17,'33-615-4694',3,126.38,68.10,'2019-07-30','2019-08-19','2019-01-15'),(18,'52-269-9803',5,180.17,42.77,'2019-05-23','2019-06-12','2019-01-08'),(19,'83-559-4105',1,134.47,0.00,'2019-11-23','2019-12-13',NULL);
/*!40000 ALTER TABLE `invoices` ENABLE KEYS */;
UNLOCK TABLES;

--
-- Table structure for table `payment_methods`
--

DROP TABLE IF EXISTS `payment_methods`;
/*!40101 SET @saved_cs_client     = @@character_set_client */;
/*!50503 SET character_set_client = utf8mb4 */;
CREATE TABLE `payment_methods` (
  `payment_method_id` tinyint NOT NULL AUTO_INCREMENT,
  `name` varchar(50) NOT NULL,
  PRIMARY KEY (`payment_method_id`)
) ENGINE=InnoDB AUTO_INCREMENT=5 DEFAULT CHARSET=utf8mb4 COLLATE=utf8mb4_0900_ai_ci;
/*!40101 SET character_set_client = @saved_cs_client */;

--
-- Dumping data for table `payment_methods`
--

LOCK TABLES `payment_methods` WRITE;
/*!40000 ALTER TABLE `payment_methods` DISABLE KEYS */;
INSERT INTO `payment_methods` VALUES (1,'Credit Card'),(2,'Cash'),(3,'PayPal'),(4,'Wire Transfer');
/*!40000 ALTER TABLE `payment_methods` ENABLE KEYS */;
UNLOCK TABLES;

--
-- Table structure for table `payments`
--

DROP TABLE IF EXISTS `payments`;
/*!40101 SET @saved_cs_client     = @@character_set_client */;
/*!50503 SET character_set_client = utf8mb4 */;
CREATE TABLE `payments` (
  `payment_id` int NOT NULL AUTO_INCREMENT,
  `client_id` int NOT NULL,
  `invoice_id` int NOT NULL,
  `date` date NOT NULL,
  `amount` decimal(9,2) NOT NULL,
  `payment_method` tinyint NOT NULL,
  PRIMARY KEY (`payment_id`),
  KEY `fk_client_id_idx` (`client_id`),
  KEY `fk_invoice_id_idx` (`invoice_id`),
  KEY `fk_payment_payment_method_idx` (`payment_method`),
  CONSTRAINT `fk_payment_client` FOREIGN KEY (`client_id`) REFERENCES `clients` (`client_id`) ON UPDATE CASCADE,
  CONSTRAINT `fk_payment_invoice` FOREIGN KEY (`invoice_id`) REFERENCES `invoices` (`invoice_id`) ON UPDATE CASCADE,
  CONSTRAINT `fk_payment_payment_method` FOREIGN KEY (`payment_method`) REFERENCES `payment_methods` (`payment_method_id`)
) ENGINE=InnoDB AUTO_INCREMENT=9 DEFAULT CHARSET=utf8mb4 COLLATE=utf8mb4_0900_ai_ci;
/*!40101 SET character_set_client = @saved_cs_client */;

--
-- Dumping data for table `payments`
--

LOCK TABLES `payments` WRITE;
/*!40000 ALTER TABLE `payments` DISABLE KEYS */;
INSERT INTO `payments` VALUES (1,5,2,'2019-02-12',8.18,1),(2,1,6,'2019-01-03',74.55,1),(3,3,11,'2019-01-11',0.03,1),(4,5,13,'2019-01-26',87.44,1),(5,3,15,'2019-01-15',80.31,1),(6,3,17,'2019-01-15',68.10,1),(7,5,18,'2019-01-08',32.77,1),(8,5,18,'2019-01-08',10.00,2);
/*!40000 ALTER TABLE `payments` ENABLE KEYS */;
UNLOCK TABLES;
/*!40103 SET TIME_ZONE=@OLD_TIME_ZONE */;

/*!40101 SET SQL_MODE=@OLD_SQL_MODE */;
/*!40014 SET FOREIGN_KEY_CHECKS=@OLD_FOREIGN_KEY_CHECKS */;
/*!40014 SET UNIQUE_CHECKS=@OLD_UNIQUE_CHECKS */;
/*!40101 SET CHARACTER_SET_CLIENT=@OLD_CHARACTER_SET_CLIENT */;
/*!40101 SET CHARACTER_SET_RESULTS=@OLD_CHARACTER_SET_RESULTS */;
/*!40101 SET COLLATION_CONNECTION=@OLD_COLLATION_CONNECTION */;
/*!40111 SET SQL_NOTES=@OLD_SQL_NOTES */;

-- Dump completed on 2020-02-12 14:56:33
-- MySQL dump 10.13  Distrib 8.0.19, for Win64 (x86_64)
--
-- Host: localhost    Database: sql_inventory
-- ------------------------------------------------------
-- Server version	8.0.19

/*!40101 SET @OLD_CHARACTER_SET_CLIENT=@@CHARACTER_SET_CLIENT */;
/*!40101 SET @OLD_CHARACTER_SET_RESULTS=@@CHARACTER_SET_RESULTS */;
/*!40101 SET @OLD_COLLATION_CONNECTION=@@COLLATION_CONNECTION */;
/*!50503 SET NAMES utf8 */;
/*!40103 SET @OLD_TIME_ZONE=@@TIME_ZONE */;
/*!40103 SET TIME_ZONE='+00:00' */;
/*!40014 SET @OLD_UNIQUE_CHECKS=@@UNIQUE_CHECKS, UNIQUE_CHECKS=0 */;
/*!40014 SET @OLD_FOREIGN_KEY_CHECKS=@@FOREIGN_KEY_CHECKS, FOREIGN_KEY_CHECKS=0 */;
/*!40101 SET @OLD_SQL_MODE=@@SQL_MODE, SQL_MODE='NO_AUTO_VALUE_ON_ZERO' */;
/*!40111 SET @OLD_SQL_NOTES=@@SQL_NOTES, SQL_NOTES=0 */;

--
-- Table structure for table `products`
--

DROP TABLE IF EXISTS `products`;
/*!40101 SET @saved_cs_client     = @@character_set_client */;
/*!50503 SET character_set_client = utf8mb4 */;
CREATE TABLE `products` (
  `product_id` int NOT NULL AUTO_INCREMENT,
  `name` varchar(50) NOT NULL,
  `quantity_in_stock` int NOT NULL,
  `unit_price` decimal(4,2) NOT NULL,
  PRIMARY KEY (`product_id`)
) ENGINE=InnoDB AUTO_INCREMENT=11 DEFAULT CHARSET=utf8mb4 COLLATE=utf8mb4_0900_ai_ci;
/*!40101 SET character_set_client = @saved_cs_client */;

--
-- Dumping data for table `products`
--

LOCK TABLES `products` WRITE;
/*!40000 ALTER TABLE `products` DISABLE KEYS */;
INSERT INTO `products` VALUES (1,'Foam Dinner Plate',70,1.21),(2,'Pork - Bacon,back Peameal',49,4.65),(3,'Lettuce - Romaine, Heart',38,3.35),(4,'Brocolinni - Gaylan, Chinese',90,4.53),(5,'Sauce - Ranch Dressing',94,1.63),(6,'Petit Baguette',14,2.39),(7,'Sweet Pea Sprouts',98,3.29),(8,'Island Oasis - Raspberry',26,0.74),(9,'Longan',67,2.26),(10,'Broom - Push',6,1.09);
/*!40000 ALTER TABLE `products` ENABLE KEYS */;
UNLOCK TABLES;
/*!40103 SET TIME_ZONE=@OLD_TIME_ZONE */;

/*!40101 SET SQL_MODE=@OLD_SQL_MODE */;
/*!40014 SET FOREIGN_KEY_CHECKS=@OLD_FOREIGN_KEY_CHECKS */;
/*!40014 SET UNIQUE_CHECKS=@OLD_UNIQUE_CHECKS */;
/*!40101 SET CHARACTER_SET_CLIENT=@OLD_CHARACTER_SET_CLIENT */;
/*!40101 SET CHARACTER_SET_RESULTS=@OLD_CHARACTER_SET_RESULTS */;
/*!40101 SET COLLATION_CONNECTION=@OLD_COLLATION_CONNECTION */;
/*!40111 SET SQL_NOTES=@OLD_SQL_NOTES */;

-- Dump completed on 2020-02-12 14:56:34
-- MySQL dump 10.13  Distrib 8.0.19, for Win64 (x86_64)
--
-- Host: localhost    Database: sql_hr
-- ------------------------------------------------------
-- Server version	8.0.19

/*!40101 SET @OLD_CHARACTER_SET_CLIENT=@@CHARACTER_SET_CLIENT */;
/*!40101 SET @OLD_CHARACTER_SET_RESULTS=@@CHARACTER_SET_RESULTS */;
/*!40101 SET @OLD_COLLATION_CONNECTION=@@COLLATION_CONNECTION */;
/*!50503 SET NAMES utf8 */;
/*!40103 SET @OLD_TIME_ZONE=@@TIME_ZONE */;
/*!40103 SET TIME_ZONE='+00:00' */;
/*!40014 SET @OLD_UNIQUE_CHECKS=@@UNIQUE_CHECKS, UNIQUE_CHECKS=0 */;
/*!40014 SET @OLD_FOREIGN_KEY_CHECKS=@@FOREIGN_KEY_CHECKS, FOREIGN_KEY_CHECKS=0 */;
/*!40101 SET @OLD_SQL_MODE=@@SQL_MODE, SQL_MODE='NO_AUTO_VALUE_ON_ZERO' */;
/*!40111 SET @OLD_SQL_NOTES=@@SQL_NOTES, SQL_NOTES=0 */;

--
-- Table structure for table `employees`
--

DROP TABLE IF EXISTS `employees`;
/*!40101 SET @saved_cs_client     = @@character_set_client */;
/*!50503 SET character_set_client = utf8mb4 */;
CREATE TABLE `employees` (
  `employee_id` int NOT NULL,
  `first_name` varchar(50) NOT NULL,
  `last_name` varchar(50) NOT NULL,
  `job_title` varchar(50) NOT NULL,
  `salary` int NOT NULL,
  `reports_to` int DEFAULT NULL,
  `office_id` int NOT NULL,
  PRIMARY KEY (`employee_id`),
  KEY `fk_employees_offices_idx` (`office_id`),
  KEY `fk_employees_employees_idx` (`reports_to`),
  CONSTRAINT `fk_employees_managers` FOREIGN KEY (`reports_to`) REFERENCES `employees` (`employee_id`),
  CONSTRAINT `fk_employees_offices` FOREIGN KEY (`office_id`) REFERENCES `offices` (`office_id`) ON UPDATE CASCADE
) ENGINE=InnoDB DEFAULT CHARSET=utf8mb4 COLLATE=utf8mb4_0900_ai_ci;
/*!40101 SET character_set_client = @saved_cs_client */;

--
-- Dumping data for table `employees`
--

LOCK TABLES `employees` WRITE;
/*!40000 ALTER TABLE `employees` DISABLE KEYS */;
INSERT INTO `employees` VALUES (33391,'D\'arcy','Nortunen','Account Executive',62871,37270,1),(37270,'Yovonnda','Magrannell','Executive Secretary',63996,NULL,10),(37851,'Sayer','Matterson','Statistician III',98926,37270,1),(40448,'Mindy','Crissil','Staff Scientist',94860,37270,1),(56274,'Keriann','Alloisi','VP Marketing',110150,37270,1),(63196,'Alaster','Scutchin','Assistant Professor',32179,37270,2),(67009,'North','de Clerc','VP Product Management',114257,37270,2),(67370,'Elladine','Rising','Social Worker',96767,37270,2),(68249,'Nisse','Voysey','Financial Advisor',52832,37270,2),(72540,'Guthrey','Iacopetti','Office Assistant I',117690,37270,3),(72913,'Kass','Hefferan','Computer Systems Analyst IV',96401,37270,3),(75900,'Virge','Goodrum','Information Systems Manager',54578,37270,3),(76196,'Mirilla','Janowski','Cost Accountant',119241,37270,3),(80529,'Lynde','Aronson','Junior Executive',77182,37270,4),(80679,'Mildrid','Sokale','Geologist II',67987,37270,4),(84791,'Hazel','Tarbert','General Manager',93760,37270,4),(95213,'Cole','Kesterton','Pharmacist',86119,37270,4),(96513,'Theresa','Binney','Food Chemist',47354,37270,5),(98374,'Estrellita','Daleman','Staff Accountant IV',70187,37270,5),(115357,'Ivy','Fearey','Structural Engineer',92710,37270,5);
/*!40000 ALTER TABLE `employees` ENABLE KEYS */;
UNLOCK TABLES;

--
-- Table structure for table `offices`
--

DROP TABLE IF EXISTS `offices`;
/*!40101 SET @saved_cs_client     = @@character_set_client */;
/*!50503 SET character_set_client = utf8mb4 */;
CREATE TABLE `offices` (
  `office_id` int NOT NULL,
  `address` varchar(50) NOT NULL,
  `city` varchar(50) NOT NULL,
  `state` varchar(50) NOT NULL,
  PRIMARY KEY (`office_id`)
) ENGINE=InnoDB DEFAULT CHARSET=utf8mb4 COLLATE=utf8mb4_0900_ai_ci;
/*!40101 SET character_set_client = @saved_cs_client */;

--
-- Dumping data for table `offices`
--

LOCK TABLES `offices` WRITE;
/*!40000 ALTER TABLE `offices` DISABLE KEYS */;
INSERT INTO `offices` VALUES (1,'03 Reinke Trail','Cincinnati','OH'),(2,'5507 Becker Terrace','New York City','NY'),(3,'54 Northland Court','Richmond','VA'),(4,'08 South Crossing','Cincinnati','OH'),(5,'553 Maple Drive','Minneapolis','MN'),(6,'23 North Plaza','Aurora','CO'),(7,'9658 Wayridge Court','Boise','ID'),(8,'9 Grayhawk Trail','New York City','NY'),(9,'16862 Westend Hill','Knoxville','TN'),(10,'4 Bluestem Parkway','Savannah','GA');
/*!40000 ALTER TABLE `offices` ENABLE KEYS */;
UNLOCK TABLES;
/*!40103 SET TIME_ZONE=@OLD_TIME_ZONE */;

/*!40101 SET SQL_MODE=@OLD_SQL_MODE */;
/*!40014 SET FOREIGN_KEY_CHECKS=@OLD_FOREIGN_KEY_CHECKS */;
/*!40014 SET UNIQUE_CHECKS=@OLD_UNIQUE_CHECKS */;
/*!40101 SET CHARACTER_SET_CLIENT=@OLD_CHARACTER_SET_CLIENT */;
/*!40101 SET CHARACTER_SET_RESULTS=@OLD_CHARACTER_SET_RESULTS */;
/*!40101 SET COLLATION_CONNECTION=@OLD_COLLATION_CONNECTION */;
/*!40111 SET SQL_NOTES=@OLD_SQL_NOTES */;

-- Dump completed on 2020-02-12 14:56:34
-- MySQL dump 10.13  Distrib 8.0.19, for Win64 (x86_64)
--
-- Host: localhost    Database: store
-- ------------------------------------------------------
-- Server version	8.0.19

/*!40101 SET @OLD_CHARACTER_SET_CLIENT=@@CHARACTER_SET_CLIENT */;
/*!40101 SET @OLD_CHARACTER_SET_RESULTS=@@CHARACTER_SET_RESULTS */;
/*!40101 SET @OLD_COLLATION_CONNECTION=@@COLLATION_CONNECTION */;
/*!50503 SET NAMES utf8 */;
/*!40103 SET @OLD_TIME_ZONE=@@TIME_ZONE */;
/*!40103 SET TIME_ZONE='+00:00' */;
/*!40014 SET @OLD_UNIQUE_CHECKS=@@UNIQUE_CHECKS, UNIQUE_CHECKS=0 */;
/*!40014 SET @OLD_FOREIGN_KEY_CHECKS=@@FOREIGN_KEY_CHECKS, FOREIGN_KEY_CHECKS=0 */;
/*!40101 SET @OLD_SQL_MODE=@@SQL_MODE, SQL_MODE='NO_AUTO_VALUE_ON_ZERO' */;
/*!40111 SET @OLD_SQL_NOTES=@@SQL_NOTES, SQL_NOTES=0 */;

--
-- Table structure for table `customers`
--

DROP TABLE IF EXISTS `customers`;
/*!40101 SET @saved_cs_client     = @@character_set_client */;
/*!50503 SET character_set_client = utf8mb4 */;
CREATE TABLE `customers` (
  `customer_id` int NOT NULL AUTO_INCREMENT,
  `first_name` varchar(50) NOT NULL,
  `last_name` varchar(50) NOT NULL,
  `birth_date` date DEFAULT NULL,
  `phone` varchar(50) DEFAULT NULL,
  `address` varchar(50) NOT NULL,
  `city` varchar(50) NOT NULL,
  `state` char(2) NOT NULL,
  `points` int NOT NULL DEFAULT '0',
  PRIMARY KEY (`customer_id`)
) ENGINE=InnoDB AUTO_INCREMENT=11 DEFAULT CHARSET=utf8mb4 COLLATE=utf8mb4_0900_ai_ci;
/*!40101 SET character_set_client = @saved_cs_client */;

--
-- Dumping data for table `customers`
--

LOCK TABLES `customers` WRITE;
/*!40000 ALTER TABLE `customers` DISABLE KEYS */;
INSERT INTO `customers` VALUES (1,'Barbara','MacCaffrey','1986-03-28','781-932-9754','0 Sage Terrace','Waltham','SC',2273),(2,'Ines','Brushfield','1986-04-13','804-427-9456','14187 Commercial Trail','Hampton','VA',947),(3,'Freddi','Boagey','1985-02-07','719-724-7869','251 Springs Junction','Colorado Springs','CO',2967),(4,'Ambur','Roseburgh','1974-04-14','407-231-8017','30 Arapahoe Terrace','Orlando','FL',457),(5,'Clemmie','Betchley','1973-11-07',NULL,'5 Spohn Circle','Arlington','TX',3675),(6,'Natasha','Twiddell','1991-09-04','312-480-8498','7 Manley Drive','Chicago','IL',3073),(7,'Ilene','Dowson','1964-08-30','615-641-4759','50 Lillian Crossing','Nashville','TN',1672),(8,'Thacher','Naseby','1993-07-17','941-527-3977','538 Mosinee Center','Sarasota','FL',205),(9,'Romola','Rumgay','1992-05-23','559-181-3744','3520 Ohio Trail','Visalia','CA',1486),(10,'Levy','Mynett','1969-10-13','404-246-3370','68 Lawn Avenue','Atlanta','GA',796);
/*!40000 ALTER TABLE `customers` ENABLE KEYS */;
UNLOCK TABLES;

--
-- Table structure for table `order_items`
--

DROP TABLE IF EXISTS `order_items`;
/*!40101 SET @saved_cs_client     = @@character_set_client */;
/*!50503 SET character_set_client = utf8mb4 */;
CREATE TABLE `order_items` (
  `order_id` int NOT NULL AUTO_INCREMENT,
  `product_id` int NOT NULL,
  `quantity` int NOT NULL,
  `unit_price` decimal(4,2) NOT NULL,
  PRIMARY KEY (`order_id`,`product_id`),
  KEY `fk_order_items_products_idx` (`product_id`),
  CONSTRAINT `fk_order_items_orders` FOREIGN KEY (`order_id`) REFERENCES `orders` (`order_id`) ON UPDATE CASCADE,
  CONSTRAINT `fk_order_items_products` FOREIGN KEY (`product_id`) REFERENCES `products` (`product_id`) ON UPDATE CASCADE
) ENGINE=InnoDB AUTO_INCREMENT=11 DEFAULT CHARSET=utf8mb4 COLLATE=utf8mb4_0900_ai_ci;
/*!40101 SET character_set_client = @saved_cs_client */;

--
-- Dumping data for table `order_items`
--

LOCK TABLES `order_items` WRITE;
/*!40000 ALTER TABLE `order_items` DISABLE KEYS */;
INSERT INTO `order_items` VALUES (1,4,4,3.74),(2,1,2,9.10),(2,4,4,1.66),(2,6,2,2.94),(3,3,10,9.12),(4,3,7,6.99),(4,10,7,6.40),(5,2,3,9.89),(6,1,4,8.65),(6,2,4,3.28),(6,3,4,7.46),(6,5,1,3.45),(7,3,7,9.17),(8,5,2,6.94),(8,8,2,8.59),(9,6,5,7.28),(10,1,10,6.01),(10,9,9,4.28);
/*!40000 ALTER TABLE `order_items` ENABLE KEYS */;
UNLOCK TABLES;

--
-- Table structure for table `order_statuses`
--

DROP TABLE IF EXISTS `order_statuses`;
/*!40101 SET @saved_cs_client     = @@character_set_client */;
/*!50503 SET character_set_client = utf8mb4 */;
CREATE TABLE `order_statuses` (
  `order_status_id` tinyint NOT NULL,
  `name` varchar(50) NOT NULL,
  PRIMARY KEY (`order_status_id`)
) ENGINE=InnoDB DEFAULT CHARSET=utf8mb4 COLLATE=utf8mb4_0900_ai_ci;
/*!40101 SET character_set_client = @saved_cs_client */;

--
-- Dumping data for table `order_statuses`
--

LOCK TABLES `order_statuses` WRITE;
/*!40000 ALTER TABLE `order_statuses` DISABLE KEYS */;
INSERT INTO `order_statuses` VALUES (1,'Processed'),(2,'Shipped'),(3,'Delivered');
/*!40000 ALTER TABLE `order_statuses` ENABLE KEYS */;
UNLOCK TABLES;

--
-- Table structure for table `orders`
--

DROP TABLE IF EXISTS `orders`;
/*!40101 SET @saved_cs_client     = @@character_set_client */;
/*!50503 SET character_set_client = utf8mb4 */;
CREATE TABLE `orders` (
  `order_id` int NOT NULL AUTO_INCREMENT,
  `customer_id` int NOT NULL,
  `order_date` date NOT NULL,
  `status` tinyint NOT NULL DEFAULT '1',
  `comments` varchar(2000) DEFAULT NULL,
  `shipped_date` date DEFAULT NULL,
  `shipper_id` smallint DEFAULT NULL,
  PRIMARY KEY (`order_id`),
  KEY `fk_orders_customers_idx` (`customer_id`),
  KEY `fk_orders_shippers_idx` (`shipper_id`),
  KEY `fk_orders_order_statuses_idx` (`status`),
  CONSTRAINT `fk_orders_customers` FOREIGN KEY (`customer_id`) REFERENCES `customers` (`customer_id`) ON UPDATE CASCADE,
  CONSTRAINT `fk_orders_order_statuses` FOREIGN KEY (`status`) REFERENCES `order_statuses` (`order_status_id`) ON UPDATE CASCADE,
  CONSTRAINT `fk_orders_shippers` FOREIGN KEY (`shipper_id`) REFERENCES `shippers` (`shipper_id`) ON UPDATE CASCADE
) ENGINE=InnoDB AUTO_INCREMENT=11 DEFAULT CHARSET=utf8mb4 COLLATE=utf8mb4_0900_ai_ci;
/*!40101 SET character_set_client = @saved_cs_client */;

--
-- Dumping data for table `orders`
--

LOCK TABLES `orders` WRITE;
/*!40000 ALTER TABLE `orders` DISABLE KEYS */;
INSERT INTO `orders` VALUES (1,6,'2019-01-30',1,NULL,NULL,NULL),(2,7,'2018-08-02',2,NULL,'2018-08-03',4),(3,8,'2017-12-01',1,NULL,NULL,NULL),(4,2,'2017-01-22',1,NULL,NULL,NULL),(5,5,'2017-08-25',2,'','2017-08-26',3),(6,10,'2018-11-18',1,'Aliquam erat volutpat. In congue.',NULL,NULL),(7,2,'2018-09-22',2,NULL,'2018-09-23',4),(8,5,'2018-06-08',1,'Mauris enim leo, rhoncus sed, vestibulum sit amet, cursus id, turpis.',NULL,NULL),(9,10,'2017-07-05',2,'Nulla mollis molestie lorem. Quisque ut erat.','2017-07-06',1),(10,6,'2018-04-22',2,NULL,'2018-04-23',2);
/*!40000 ALTER TABLE `orders` ENABLE KEYS */;
UNLOCK TABLES;

--
-- Table structure for table `products`
--

DROP TABLE IF EXISTS `products`;
/*!40101 SET @saved_cs_client     = @@character_set_client */;
/*!50503 SET character_set_client = utf8mb4 */;
CREATE TABLE `products` (
  `product_id` int NOT NULL AUTO_INCREMENT,
  `name` varchar(50) NOT NULL,
  `quantity_in_stock` int NOT NULL,
  `unit_price` decimal(4,2) NOT NULL,
  PRIMARY KEY (`product_id`)
) ENGINE=InnoDB AUTO_INCREMENT=11 DEFAULT CHARSET=utf8mb4 COLLATE=utf8mb4_0900_ai_ci;
/*!40101 SET character_set_client = @saved_cs_client */;

--
-- Dumping data for table `products`
--

LOCK TABLES `products` WRITE;
/*!40000 ALTER TABLE `products` DISABLE KEYS */;
INSERT INTO `products` VALUES (1,'Foam Dinner Plate',70,1.21),(2,'Pork - Bacon,back Peameal',49,4.65),(3,'Lettuce - Romaine, Heart',38,3.35),(4,'Brocolinni - Gaylan, Chinese',90,4.53),(5,'Sauce - Ranch Dressing',94,1.63),(6,'Petit Baguette',14,2.39),(7,'Sweet Pea Sprouts',98,3.29),(8,'Island Oasis - Raspberry',26,0.74),(9,'Longan',67,2.26),(10,'Broom - Push',6,1.09);
/*!40000 ALTER TABLE `products` ENABLE KEYS */;
UNLOCK TABLES;

--
-- Table structure for table `shippers`
--

DROP TABLE IF EXISTS `shippers`;
/*!40101 SET @saved_cs_client     = @@character_set_client */;
/*!50503 SET character_set_client = utf8mb4 */;
CREATE TABLE `shippers` (
  `shipper_id` smallint NOT NULL AUTO_INCREMENT,
  `name` varchar(50) NOT NULL,
  PRIMARY KEY (`shipper_id`)
) ENGINE=InnoDB AUTO_INCREMENT=6 DEFAULT CHARSET=utf8mb4 COLLATE=utf8mb4_0900_ai_ci;
/*!40101 SET character_set_client = @saved_cs_client */;

--
-- Dumping data for table `shippers`
--

LOCK TABLES `shippers` WRITE;
/*!40000 ALTER TABLE `shippers` DISABLE KEYS */;
INSERT INTO `shippers` VALUES (1,'Hettinger LLC'),(2,'Schinner-Predovic'),(3,'Satterfield LLC'),(4,'Mraz, Renner and Nolan'),(5,'Waters, Mayert and Prohaska');
/*!40000 ALTER TABLE `shippers` ENABLE KEYS */;
UNLOCK TABLES;
/*!40103 SET TIME_ZONE=@OLD_TIME_ZONE */;

/*!40101 SET SQL_MODE=@OLD_SQL_MODE */;
/*!40014 SET FOREIGN_KEY_CHECKS=@OLD_FOREIGN_KEY_CHECKS */;
/*!40014 SET UNIQUE_CHECKS=@OLD_UNIQUE_CHECKS */;
/*!40101 SET CHARACTER_SET_CLIENT=@OLD_CHARACTER_SET_CLIENT */;
/*!40101 SET CHARACTER_SET_RESULTS=@OLD_CHARACTER_SET_RESULTS */;
/*!40101 SET COLLATION_CONNECTION=@OLD_COLLATION_CONNECTION */;
/*!40111 SET SQL_NOTES=@OLD_SQL_NOTES */;

-- Dump completed on 2020-02-12 14:56:34
